{"stats":{"minecraft:custom":{"minecraft:interact_with_furnace":3,"minecraft:mob_kills":32,"minecraft:interact_with_crafting_table":10,"minecraft:leave_game":6,"minecraft:time_since_death":6944,"minecraft:sleep_in_bed":1,"minecraft:time_since_rest":3202,"minecraft:sprint_one_cm":89818,"minecraft:damage_taken":1006,"minecraft:walk_one_cm":164615,"minecraft:damage_dealt":2880,"minecraft:swim_one_cm":13201,"minecraft:fly_one_cm":122945,"minecraft:open_chest":6,"minecraft:crouch_one_cm":634,"minecraft:play_time":46072,"minecraft:deaths":1,"minecraft:sneak_time":195,"minecraft:walk_under_water_one_cm":6369,"minecraft:jump":814,"minecraft:walk_on_water_one_cm":7892,"minecraft:total_world_time":46072,"minecraft:fall_one_cm":27153},"minecraft:crafted":{"minecraft:cooked_porkchop":12,"minecraft:crafting_table":3,"minecraft:furnace":2,"minecraft:cobblestone_stairs":28,"minecraft:stone_axe":1,"minecraft:bread":12,"minecraft:stick":36,"minecraft:stone_pickaxe":2,"minecraft:wooden_axe":1,"minecraft:acacia_planks":40,"minecraft:torch":64,"minecraft:wheat":36},"minecraft:broken":{"minecraft:stone_pickaxe":1,"minecraft:wooden_axe":1},"minecraft:killed":{"minecraft:pig":7,"minecraft:spider":1,"minecraft:skeleton":2,"minecraft:zombie":1,"minecraft:chicken":8,"minecraft:cow":12},"minecraft:mined":{"minecraft:acacia_leaves":9,"minecraft:glass_pane":1,"minecraft:red_bed":1,"minecraft:cobblestone_stairs":1,"minecraft:crafting_table":2,"minecraft:granite":13,"minecraft:short_grass":20,"minecraft:acacia_log":17,"minecraft:grass_block":10,"minecraft:chest":2,"minecraft:copper_ore":7,"minecraft:tall_grass":1,"minecraft:cobblestone":2,"minecraft:sugar_cane":12,"minecraft:hay_block":72,"minecraft:iron_ore":15,"minecraft:wheat":2,"minecraft:acacia_wood":1,"minecraft:andesite":3,"minecraft:pointed_dripstone":1,"minecraft:coal_ore":26,"minecraft:dirt_path":1,"minecraft:dripstone_block":11,"minecraft:dirt":28,"minecraft:stone":112,"minecraft:orange_bed":2},"minecraft:picked_up":{"minecraft:crafting_table":2,"minecraft:feather":12,"minecraft:chicken":16,"minecraft:leather":22,"minecraft:acacia_wood":2,"minecraft:cobblestone_stairs":2,"minecraft:dirt":79,"minecraft:red_bed":1,"minecraft:raw_copper":42,"minecraft:bone":10,"minecraft:acacia_planks":7,"minecraft:bow":2,"minecraft:wheat_seeds":40,"minecraft:stone_pickaxe":1,"minecraft:beef":21,"minecraft:tall_grass":6,"minecraft:sugar_cane":25,"minecraft:chest":4,"minecraft:acacia_sapling":6,"minecraft:raw_iron":15,"minecraft:stick":12,"minecraft:cooked_porkchop":12,"minecraft:torch":67,"minecraft:acacia_log":24,"minecraft:dripstone_block":16,"minecraft:porkchop":18,"minecraft:pointed_dripstone":6,"minecraft:spider_eye":2,"minecraft:orange_bed":4,"minecraft:arrow":8,"minecraft:rotten_flesh":14,"minecraft:stone_axe":1,"minecraft:short_grass":2,"minecraft:hay_block":140,"minecraft:granite":26,"minecraft:emerald":4,"minecraft:cobblestone":157,"minecraft:mutton":4,"minecraft:coal":26,"minecraft:white_wool":2},"minecraft:killed_by":{"minecraft:zombie":1},"minecraft:used":{"minecraft:cobblestone_stairs":29,"minecraft:stone_pickaxe":202,"minecraft:sugar_cane":25,"minecraft:orange_bed":1,"minecraft:torch":40,"minecraft:dirt":50,"minecraft:crafting_table":5,"minecraft:red_bed":1,"minecraft:dripstone_block":9,"minecraft:wooden_axe":40,"minecraft:bread":14,"minecraft:stone_axe":32,"minecraft:cobblestone":12,"minecraft:cooked_porkchop":1,"minecraft:furnace":2}},"DataVersion":3955}