{"stats":{"minecraft:custom":{"minecraft:time_since_rest":43745,"minecraft:interact_with_furnace":6,"minecraft:sprint_one_cm":38464,"minecraft:damage_taken":530,"minecraft:walk_one_cm":99141,"minecraft:mob_kills":8,"minecraft:drop":1,"minecraft:damage_dealt":1115,"minecraft:swim_one_cm":11352,"minecraft:interact_with_crafting_table":12,"minecraft:fly_one_cm":7348,"minecraft:crouch_one_cm":176,"minecraft:play_time":43745,"minecraft:sneak_time":213,"minecraft:walk_under_water_one_cm":1606,"minecraft:jump":393,"minecraft:leave_game":4,"minecraft:walk_on_water_one_cm":1509,"minecraft:time_since_death":43745,"minecraft:total_world_time":43745,"minecraft:fall_one_cm":4004},"minecraft:crafted":{"minecraft:cooked_beef":6,"minecraft:oak_planks":20,"minecraft:crafting_table":1,"minecraft:stick":16,"minecraft:wooden_pickaxe":1,"minecraft:stone_pickaxe":2,"minecraft:stone_sword":1,"minecraft:furnace":2,"minecraft:stone":16,"minecraft:bone_meal":6,"minecraft:acacia_planks":32,"minecraft:acacia_stairs":8,"minecraft:torch":8,"minecraft:stone_axe":1},"minecraft:broken":{"minecraft:stone_pickaxe":1},"minecraft:dropped":{"minecraft:rotten_flesh":1},"minecraft:killed":{"minecraft:zombie":1,"minecraft:pig":1,"minecraft:spider":1,"minecraft:drowned":1,"minecraft:cow":2},"minecraft:mined":{"minecraft:acacia_leaves":2,"minecraft:crafting_table":1,"minecraft:short_grass":16,"minecraft:acacia_log":8,"minecraft:coal_ore":53,"minecraft:grass_block":21,"minecraft:oak_log":5,"minecraft:poppy":1,"minecraft:sand":7,"minecraft:dirt":6,"minecraft:tall_grass":1,"minecraft:cobblestone":2,"minecraft:stone":124},"minecraft:picked_up":{"minecraft:crafting_table":1,"minecraft:leather":1,"minecraft:acacia_log":8,"minecraft:porkchop":2,"minecraft:sand":7,"minecraft:oak_log":5,"minecraft:string":2,"minecraft:dirt":27,"minecraft:bone":3,"minecraft:arrow":4,"minecraft:rotten_flesh":1,"minecraft:beef":6,"minecraft:coal":53,"minecraft:cobblestone":123},"minecraft:used":{"minecraft:acacia_stairs":6,"minecraft:stone_sword":42,"minecraft:stone_pickaxe":176,"minecraft:wooden_pickaxe":3,"minecraft:stone":8,"minecraft:stone_axe":23,"minecraft:torch":2,"minecraft:dirt":16,"minecraft:cobblestone":7,"minecraft:crafting_table":2,"minecraft:furnace":2,"minecraft:porkchop":2,"minecraft:cooked_beef":5}},"DataVersion":3955}