{"minecraft:recipes/decorations/crafting_table":{"criteria":{"unlock_right_away":"2024-10-05 23:19:57 +0000"},"done":true},"minecraft:adventure/adventuring_time":{"criteria":{"minecraft:savanna_plateau":"2024-10-05 23:27:53 +0000","minecraft:river":"2024-10-05 23:57:18 +0000","minecraft:savanna":"2024-10-05 23:19:58 +0000"},"done":false},"minecraft:recipes/redstone/lever":{"criteria":{"has_cobblestone":"2024-10-05 23:29:05 +0000"},"done":true},"minecraft:recipes/redstone/acacia_button":{"criteria":{"has_planks":"2024-10-05 23:45:05 +0000"},"done":true},"minecraft:recipes/building_blocks/stone_bricks":{"criteria":{"has_stone":"2024-10-05 23:43:40 +0000"},"done":true},"minecraft:recipes/building_blocks/lime_concrete_powder":{"criteria":{"has_sand":"2024-10-05 23:57:41 +0000"},"done":true},"minecraft:recipes/combat/leather_helmet":{"criteria":{"has_leather":"2024-10-05 23:42:00 +0000"},"done":true},"minecraft:recipes/decorations/ladder":{"criteria":{"has_stick":"2024-10-05 23:28:14 +0000"},"done":true},"minecraft:recipes/transportation/mangrove_boat":{"criteria":{"in_water":"2024-10-05 23:57:18 +0000"},"done":true},"minecraft:recipes/decorations/torch":{"criteria":{"has_stone_pickaxe":"2024-10-05 23:29:16 +0000"},"done":true},"minecraft:recipes/building_blocks/stone_brick_slab_from_stone_stonecutting":{"criteria":{"has_stone":"2024-10-05 23:43:40 +0000"},"done":true},"minecraft:recipes/building_blocks/light_gray_concrete_powder":{"criteria":{"has_sand":"2024-10-05 23:57:41 +0000"},"done":true},"minecraft:recipes/combat/leather_leggings":{"criteria":{"has_leather":"2024-10-05 23:42:00 +0000"},"done":true},"minecraft:recipes/building_blocks/pink_concrete_powder":{"criteria":{"has_sand":"2024-10-05 23:57:41 +0000"},"done":true},"minecraft:recipes/building_blocks/stone_brick_stairs_from_stone_stonecutting":{"criteria":{"has_stone":"2024-10-05 23:43:40 +0000"},"done":true},"minecraft:recipes/food/cooked_beef_from_smoking":{"criteria":{"has_beef":"2024-10-05 23:41:50 +0000"},"done":true},"minecraft:recipes/building_blocks/orange_concrete_powder":{"criteria":{"has_sand":"2024-10-05 23:57:41 +0000"},"done":true},"minecraft:recipes/food/cooked_porkchop":{"criteria":{"has_porkchop":"2024-10-05 23:42:07 +0000"},"done":true},"minecraft:recipes/building_blocks/oak_slab":{"criteria":{"has_planks":"2024-10-05 23:27:58 +0000"},"done":true},"minecraft:recipes/redstone/acacia_pressure_plate":{"criteria":{"has_planks":"2024-10-05 23:45:05 +0000"},"done":true},"minecraft:recipes/decorations/oak_sign":{"criteria":{"has_planks":"2024-10-05 23:27:58 +0000"},"done":true},"minecraft:recipes/redstone/oak_trapdoor":{"criteria":{"has_planks":"2024-10-05 23:27:58 +0000"},"done":true},"minecraft:recipes/building_blocks/red_concrete_powder":{"criteria":{"has_sand":"2024-10-05 23:57:41 +0000"},"done":true},"minecraft:recipes/combat/stone_sword":{"criteria":{"has_cobblestone":"2024-10-05 23:29:05 +0000"},"done":true},"minecraft:recipes/decorations/cobblestone_wall":{"criteria":{"has_cobblestone":"2024-10-05 23:29:05 +0000"},"done":true},"minecraft:recipes/tools/stone_pickaxe":{"criteria":{"has_cobblestone":"2024-10-05 23:29:05 +0000"},"done":true},"minecraft:recipes/decorations/acacia_sign":{"criteria":{"has_planks":"2024-10-05 23:45:05 +0000"},"done":true},"minecraft:recipes/tools/stone_axe":{"criteria":{"has_cobblestone":"2024-10-05 23:29:05 +0000"},"done":true},"minecraft:recipes/building_blocks/magenta_concrete_powder":{"criteria":{"has_sand":"2024-10-05 23:57:41 +0000"},"done":true},"minecraft:recipes/decorations/campfire":{"criteria":{"has_stick":"2024-10-05 23:28:14 +0000"},"done":true},"minecraft:recipes/building_blocks/brown_concrete_powder":{"criteria":{"has_sand":"2024-10-05 23:57:41 +0000"},"done":true},"minecraft:recipes/building_blocks/stone_slab_from_stone_stonecutting":{"criteria":{"has_stone":"2024-10-05 23:43:40 +0000"},"done":true},"minecraft:recipes/misc/white_dye":{"criteria":{"has_bone_meal":"2024-10-05 23:49:13 +0000"},"done":true},"minecraft:recipes/tools/wooden_hoe":{"criteria":{"has_stick":"2024-10-05 23:28:14 +0000"},"done":true},"minecraft:recipes/building_blocks/light_blue_concrete_powder":{"criteria":{"has_sand":"2024-10-05 23:57:41 +0000"},"done":true},"minecraft:recipes/building_blocks/glass":{"criteria":{"has_smelts_to_glass":"2024-10-05 23:57:41 +0000"},"done":true},"minecraft:recipes/combat/bow":{"criteria":{"has_string":"2024-10-05 23:55:57 +0000"},"done":true},"minecraft:recipes/redstone/oak_fence_gate":{"criteria":{"has_planks":"2024-10-05 23:27:58 +0000"},"done":true},"minecraft:recipes/building_blocks/acacia_slab":{"criteria":{"has_planks":"2024-10-05 23:45:05 +0000"},"done":true},"minecraft:story/mine_stone":{"criteria":{"get_stone":"2024-10-05 23:29:05 +0000"},"done":true},"minecraft:recipes/decorations/furnace":{"criteria":{"has_cobblestone":"2024-10-05 23:29:05 +0000"},"done":true},"minecraft:recipes/misc/charcoal":{"criteria":{"has_log":"2024-10-05 23:27:19 +0000"},"done":true},"minecraft:recipes/tools/wooden_pickaxe":{"criteria":{"has_stick":"2024-10-05 23:28:14 +0000"},"done":true},"minecraft:recipes/building_blocks/green_concrete_powder":{"criteria":{"has_sand":"2024-10-05 23:57:41 +0000"},"done":true},"minecraft:recipes/decorations/item_frame":{"criteria":{"has_leather":"2024-10-05 23:42:00 +0000"},"done":true},"minecraft:story/upgrade_tools":{"criteria":{"stone_pickaxe":"2024-10-05 23:29:16 +0000"},"done":true},"minecraft:recipes/tools/wooden_axe":{"criteria":{"has_stick":"2024-10-05 23:28:14 +0000"},"done":true},"minecraft:recipes/building_blocks/stone_bricks_from_stone_stonecutting":{"criteria":{"has_stone":"2024-10-05 23:43:40 +0000"},"done":true},"minecraft:recipes/building_blocks/stone_slab":{"criteria":{"has_stone":"2024-10-05 23:43:40 +0000"},"done":true},"minecraft:recipes/building_blocks/blue_concrete_powder":{"criteria":{"has_sand":"2024-10-05 23:57:41 +0000"},"done":true},"minecraft:recipes/redstone/acacia_trapdoor":{"criteria":{"has_planks":"2024-10-05 23:45:05 +0000"},"done":true},"minecraft:recipes/redstone/oak_pressure_plate":{"criteria":{"has_planks":"2024-10-05 23:27:58 +0000"},"done":true},"minecraft:recipes/combat/leather_chestplate":{"criteria":{"has_leather":"2024-10-05 23:42:00 +0000"},"done":true},"minecraft:recipes/redstone/oak_door":{"criteria":{"has_planks":"2024-10-05 23:27:58 +0000"},"done":true},"minecraft:recipes/tools/fishing_rod":{"criteria":{"has_string":"2024-10-05 23:55:57 +0000"},"done":true},"minecraft:recipes/decorations/smoker":{"criteria":{"has_furnace":"2024-10-05 23:31:02 +0000"},"done":true},"minecraft:recipes/building_blocks/yellow_concrete_powder":{"criteria":{"has_sand":"2024-10-05 23:57:41 +0000"},"done":true},"minecraft:recipes/decorations/chest":{"criteria":{"has_lots_of_items":"2024-10-05 23:38:19 +0000"},"done":true},"minecraft:recipes/building_blocks/chiseled_stone_bricks_stone_from_stonecutting":{"criteria":{"has_stone":"2024-10-05 23:43:40 +0000"},"done":true},"minecraft:recipes/tools/wooden_shovel":{"criteria":{"has_stick":"2024-10-05 23:28:14 +0000"},"done":true},"minecraft:recipes/misc/stick":{"criteria":{"has_planks":"2024-10-05 23:27:58 +0000"},"done":true},"minecraft:recipes/building_blocks/cobblestone_slab":{"criteria":{"has_cobblestone":"2024-10-05 23:29:05 +0000"},"done":true},"minecraft:recipes/building_blocks/stone_stairs_from_stone_stonecutting":{"criteria":{"has_stone":"2024-10-05 23:43:40 +0000"},"done":true},"minecraft:recipes/decorations/acacia_fence":{"criteria":{"has_planks":"2024-10-05 23:45:05 +0000"},"done":true},"minecraft:recipes/building_blocks/sandstone":{"criteria":{"has_sand":"2024-10-05 23:57:41 +0000"},"done":true},"minecraft:recipes/building_blocks/cobblestone_slab_from_cobblestone_stonecutting":{"criteria":{"has_cobblestone":"2024-10-05 23:29:05 +0000"},"done":true},"minecraft:recipes/building_blocks/oak_stairs":{"criteria":{"has_planks":"2024-10-05 23:27:58 +0000"},"done":true},"minecraft:recipes/transportation/acacia_boat":{"criteria":{"in_water":"2024-10-05 23:57:18 +0000"},"done":true},"minecraft:recipes/transportation/cherry_boat":{"criteria":{"in_water":"2024-10-05 23:57:18 +0000"},"done":true},"minecraft:adventure/root":{"criteria":{"killed_something":"2024-10-05 23:41:49 +0000"},"done":true},"minecraft:recipes/building_blocks/white_concrete_powder":{"criteria":{"has_sand":"2024-10-05 23:57:41 +0000"},"done":true},"minecraft:recipes/building_blocks/white_wool_from_string":{"criteria":{"has_string":"2024-10-05 23:55:57 +0000"},"done":true},"minecraft:adventure/kill_all_mobs":{"criteria":{"minecraft:skeleton":"2024-10-05 23:42:38 +0000","minecraft:spider":"2024-10-05 23:55:48 +0000","minecraft:zombie":"2024-10-05 23:54:33 +0000","minecraft:drowned":"2024-10-05 23:58:37 +0000"},"done":false},"minecraft:recipes/decorations/oak_fence":{"criteria":{"has_planks":"2024-10-05 23:27:58 +0000"},"done":true},"minecraft:recipes/food/cooked_porkchop_from_campfire_cooking":{"criteria":{"has_porkchop":"2024-10-05 23:42:07 +0000"},"done":true},"minecraft:recipes/building_blocks/acacia_wood":{"criteria":{"has_log":"2024-10-05 23:40:51 +0000"},"done":true},"minecraft:recipes/combat/wooden_sword":{"criteria":{"has_stick":"2024-10-05 23:28:14 +0000"},"done":true},"minecraft:recipes/building_blocks/oak_planks":{"criteria":{"has_logs":"2024-10-05 23:27:19 +0000"},"done":true},"minecraft:recipes/building_blocks/gray_concrete_powder":{"criteria":{"has_sand":"2024-10-05 23:57:41 +0000"},"done":true},"minecraft:recipes/redstone/tripwire_hook":{"criteria":{"has_string":"2024-10-05 23:55:57 +0000"},"done":true},"minecraft:recipes/misc/bone_meal":{"criteria":{"has_bone":"2024-10-05 23:42:38 +0000"},"done":true},"minecraft:recipes/building_blocks/black_concrete_powder":{"criteria":{"has_sand":"2024-10-05 23:57:41 +0000"},"done":true},"minecraft:recipes/redstone/stone_button":{"criteria":{"has_stone":"2024-10-05 23:43:40 +0000"},"done":true},"minecraft:recipes/combat/crossbow":{"criteria":{"has_string":"2024-10-05 23:55:57 +0000"},"done":true},"minecraft:recipes/food/cooked_porkchop_from_smoking":{"criteria":{"has_porkchop":"2024-10-05 23:42:07 +0000"},"done":true},"minecraft:adventure/kill_a_mob":{"criteria":{"minecraft:skeleton":"2024-10-05 23:42:38 +0000"},"done":true},"minecraft:recipes/building_blocks/stone":{"criteria":{"has_cobblestone":"2024-10-05 23:29:05 +0000"},"done":true},"minecraft:recipes/decorations/stonecutter":{"criteria":{"has_stone":"2024-10-05 23:43:40 +0000"},"done":true},"minecraft:recipes/transportation/bamboo_raft":{"criteria":{"in_water":"2024-10-05 23:57:18 +0000"},"done":true},"minecraft:recipes/decorations/barrel":{"criteria":{"has_planks":"2024-10-05 23:27:58 +0000"},"done":true},"minecraft:recipes/redstone/stone_pressure_plate":{"criteria":{"has_stone":"2024-10-05 23:43:40 +0000"},"done":true},"minecraft:recipes/combat/leather_boots":{"criteria":{"has_leather":"2024-10-05 23:42:00 +0000"},"done":true},"minecraft:recipes/decorations/cobblestone_wall_from_cobblestone_stonecutting":{"criteria":{"has_cobblestone":"2024-10-05 23:29:05 +0000"},"done":true},"minecraft:recipes/building_blocks/acacia_stairs":{"criteria":{"has_planks":"2024-10-05 23:45:05 +0000"},"done":true},"minecraft:recipes/building_blocks/cobblestone_stairs_from_cobblestone_stonecutting":{"criteria":{"has_cobblestone":"2024-10-05 23:29:05 +0000"},"done":true},"minecraft:recipes/decorations/candle":{"criteria":{"has_string":"2024-10-05 23:55:57 +0000"},"done":true},"minecraft:recipes/building_blocks/smooth_stone":{"criteria":{"has_stone":"2024-10-05 23:43:40 +0000"},"done":true},"minecraft:recipes/transportation/spruce_boat":{"criteria":{"in_water":"2024-10-05 23:57:18 +0000"},"done":true},"minecraft:husbandry/balanced_diet":{"criteria":{"cooked_beef":"2024-10-05 23:46:40 +0000","porkchop":"2024-10-05 23:42:17 +0000"},"done":false},"minecraft:recipes/building_blocks/cobblestone_stairs":{"criteria":{"has_cobblestone":"2024-10-05 23:29:05 +0000"},"done":true},"minecraft:recipes/misc/leather_horse_armor":{"criteria":{"has_leather":"2024-10-05 23:42:00 +0000"},"done":true},"minecraft:recipes/building_blocks/purple_concrete_powder":{"criteria":{"has_sand":"2024-10-05 23:57:41 +0000"},"done":true},"minecraft:husbandry/root":{"criteria":{"consumed_item":"2024-10-05 23:42:17 +0000"},"done":true},"minecraft:recipes/transportation/birch_boat":{"criteria":{"in_water":"2024-10-05 23:57:18 +0000"},"done":true},"minecraft:recipes/redstone/acacia_door":{"criteria":{"has_planks":"2024-10-05 23:45:05 +0000"},"done":true},"minecraft:recipes/tools/stone_hoe":{"criteria":{"has_cobblestone":"2024-10-05 23:29:05 +0000"},"done":true},"minecraft:recipes/transportation/oak_boat":{"criteria":{"in_water":"2024-10-05 23:57:18 +0000"},"done":true},"minecraft:recipes/building_blocks/cyan_concrete_powder":{"criteria":{"has_sand":"2024-10-05 23:57:41 +0000"},"done":true},"minecraft:recipes/decorations/loom":{"criteria":{"has_string":"2024-10-05 23:55:57 +0000"},"done":true},"minecraft:recipes/redstone/acacia_fence_gate":{"criteria":{"has_planks":"2024-10-05 23:45:05 +0000"},"done":true},"minecraft:recipes/building_blocks/coal_block":{"criteria":{"has_coal":"2024-10-05 23:29:55 +0000"},"done":true},"minecraft:recipes/tools/stone_shovel":{"criteria":{"has_cobblestone":"2024-10-05 23:29:05 +0000"},"done":true},"minecraft:recipes/building_blocks/oak_wood":{"criteria":{"has_log":"2024-10-05 23:27:19 +0000"},"done":true},"minecraft:story/root":{"criteria":{"crafting_table":"2024-10-05 23:28:10 +0000"},"done":true},"minecraft:recipes/building_blocks/acacia_planks":{"criteria":{"has_log":"2024-10-05 23:40:51 +0000"},"done":true},"minecraft:recipes/redstone/oak_button":{"criteria":{"has_planks":"2024-10-05 23:27:58 +0000"},"done":true},"minecraft:recipes/food/cooked_beef":{"criteria":{"has_beef":"2024-10-05 23:41:50 +0000"},"done":true},"minecraft:recipes/transportation/jungle_boat":{"criteria":{"in_water":"2024-10-05 23:57:18 +0000"},"done":true},"minecraft:recipes/decorations/stone_brick_walls_from_stone_stonecutting":{"criteria":{"has_stone":"2024-10-05 23:43:40 +0000"},"done":true},"minecraft:recipes/transportation/dark_oak_boat":{"criteria":{"in_water":"2024-10-05 23:57:18 +0000"},"done":true},"minecraft:recipes/building_blocks/stone_stairs":{"criteria":{"has_stone":"2024-10-05 23:43:40 +0000"},"done":true},"minecraft:recipes/food/cooked_beef_from_campfire_cooking":{"criteria":{"has_beef":"2024-10-05 23:41:50 +0000"},"done":true},"minecraft:recipes/building_blocks/bone_block":{"criteria":{"has_bone_meal":"2024-10-05 23:49:13 +0000"},"done":true},"DataVersion":3955}